2025200,2025-07-29,1,3,11,17,24,28,29,30,36,37,39,44,45,48,49,51,54,57,59,63
2025201,2025-07-30,2,3,6,13,17,18,27,34,36,39,40,41,44,57,63,67,70,71,73,76
2025202,2025-07-31,1,4,10,20,27,31,32,36,37,43,50,55,56,63,64,65,66,72,77,79
2025203,2025-08-01,4,5,11,15,20,21,25,27,34,40,46,48,51,58,60,62,63,69,79,80
2025204,2025-08-02,1,2,9,12,18,20,25,27,33,38,42,48,55,57,59,63,67,73,74,78
2025205,2025-08-03,1,5,9,13,17,19,27,28,29,30,31,33,43,44,50,53,61,70,73,78
2025206,2025-08-04,7,13,15,18,22,29,30,36,47,49,52,54,58,60,64,68,70,72,74,77
2025207,2025-08-05,1,2,4,8,10,15,17,25,31,32,47,54,58,64,69,70,72,74,76,78
2025208,2025-08-06,8,10,19,24,28,29,33,38,41,44,45,48,50,52,55,58,63,67,68,78
2025209,2025-08-07,3,7,11,12,15,17,18,24,31,39,41,46,48,56,59,68,69,72,75,80
2025210,2025-08-08,4,14,21,28,30,32,33,34,37,40,44,45,56,57,58,62,65,66,70,78
2025211,2025-08-09,7,9,20,24,25,30,32,33,37,38,39,40,41,43,45,49,69,71,77,80
2025212,2025-08-10,3,10,12,28,29,31,42,45,47,48,55,56,62,65,72,74,76,77,78,79
2025213,2025-08-11,2,8,19,20,21,22,26,31,37,38,39,40,49,52,54,59,71,73,74,76
2025214,2025-08-12,4,7,9,12,15,21,25,29,31,41,42,53,56,59,61,64,67,68,75,80
2025215,2025-08-13,5,9,12,24,25,30,31,33,34,42,45,47,51,52,55,57,66,69,70,77
2025216,2025-08-14,2,6,14,17,21,25,30,33,45,47,49,50,52,55,58,60,66,72,74,76
2025217,2025-08-15,3,8,18,19,21,25,26,30,32,36,41,44,45,53,60,63,64,66,69,73
2025218,2025-08-16,13,14,17,26,28,36,37,42,44,48,49,56,57,58,61,62,64,70,71,73
2025219,2025-08-17,7,10,15,21,22,24,25,27,35,36,40,43,44,46,50,59,60,61,66,80
2025220,2025-08-18,4,7,8,10,13,19,21,26,28,36,39,42,43,45,48,60,67,68,75,76
2025221,2025-08-19,9,10,13,14,22,30,32,34,36,38,43,49,50,54,56,57,58,68,69,76
2025222,2025-08-20,5,8,11,15,22,26,34,40,46,47,50,51,52,54,56,61,67,68,72,80
2025223,2025-08-21,4,5,20,22,24,25,28,29,32,34,36,38,40,50,55,56,57,59,65,70
2025224,2025-08-22,5,9,10,11,12,18,23,33,37,41,45,46,55,58,63,69,70,71,74,78
2025225,2025-08-23,2,5,6,7,26,29,30,36,40,41,46,52,57,59,60,66,72,73,75,76
2025226,2025-08-24,3,6,7,18,21,25,32,34,36,39,46,47,48,53,57,59,67,69,70,76
2025227,2025-08-25,2,11,12,18,19,23,30,33,34,40,46,49,55,62,63,70,71,74,77,78
2025228,2025-08-26,2,6,8,9,17,18,20,28,47,49,50,55,56,58,60,66,69,75,78,80
2025229,2025-08-27,2,3,6,7,10,11,23,24,26,28,29,37,41,48,52,59,61,65,66,77
2025230,2025-08-28,7,15,17,21,29,35,42,43,44,46,47,57,58,59,62,63,68,73,76,79
2025231,2025-08-29,7,16,17,20,21,27,29,35,41,44,45,46,50,53,55,59,60,62,63,66
2025232,2025-08-30,1,2,3,4,5,14,17,20,21,27,29,32,42,45,46,51,56,60,68,73
2025233,2025-08-31,8,11,16,26,35,36,49,52,53,54,55,57,58,61,65,69,70,72,73,80
2025234,2025-09-01,6,8,9,11,14,15,25,27,33,39,40,43,46,49,52,54,61,65,70,80
2025235,2025-09-02,3,8,12,13,16,29,31,38,40,43,44,52,53,57,58,60,63,69,74,79
2025236,2025-09-03,2,5,12,16,21,27,39,44,53,54,56,58,60,61,62,66,72,76,77,78
2025237,2025-09-04,1,3,6,13,18,22,25,26,28,32,33,41,42,45,47,63,66,73,75,80
2025238,2025-09-05,12,14,15,16,17,24,25,28,29,31,38,44,46,47,49,57,59,60,61,76
2025239,2025-09-06,2,3,10,12,15,21,22,27,34,35,37,38,49,51,55,65,66,70,71,76
2025240,2025-09-07,8,9,11,12,15,27,35,36,43,45,49,50,51,61,64,65,68,72,78,79
2025241,2025-09-08,3,7,12,13,16,18,20,28,37,47,48,50,53,61,63,68,69,75,76,80
2025242,2025-09-09,2,8,11,13,15,16,20,21,23,26,35,53,65,66,69,72,73,78,79,80
2025243,2025-09-10,1,4,7,18,22,25,29,30,34,37,43,49,51,53,54,55,57,67,75,77
2025244,2025-09-11,2,3,6,10,12,16,23,25,28,29,34,35,38,42,44,47,58,64,73,80
2025245,2025-09-12,2,7,8,11,17,19,21,22,26,28,31,40,43,44,53,63,71,74,76,80
2025246,2025-09-13,1,4,8,11,26,27,30,37,46,53,55,57,62,64,65,69,72,78,79,80
2025247,2025-09-14,1,3,5,6,10,11,14,23,25,32,35,36,50,51,57,58,65,72,73,76
2025248,2025-09-15,6,10,21,22,28,29,32,33,34,37,43,49,51,52,55,56,57,59,67,80
2025249,2025-09-16,1,6,7,12,13,15,21,25,27,30,36,40,41,45,55,57,67,72,73,77
2025250,2025-09-17,1,2,6,16,20,21,23,26,27,29,30,34,40,43,59,63,65,71,79,80
2025251,2025-09-18,1,2,4,14,15,23,25,26,27,30,36,39,42,44,46,52,55,62,65,66
2025252,2025-09-19,13,18,19,26,27,30,33,37,41,43,47,49,53,58,61,64,68,71,73,76
2025253,2025-09-20,3,10,20,23,27,30,32,35,44,48,50,51,53,56,57,63,65,68,70,72
2025254,2025-09-21,16,18,20,29,32,36,37,41,52,53,54,55,56,57,65,69,70,74,75,76
2025255,2025-09-22,5,13,15,21,25,26,27,31,37,39,46,50,54,56,57,59,65,70,78,79
2025256,2025-09-23,8,13,18,29,34,35,39,41,43,45,46,47,57,64,68,71,73,74,75,78
2025257,2025-09-24,1,8,13,15,22,34,36,38,42,43,49,50,51,65,66,67,70,71,79,80
2025258,2025-09-25,1,5,10,12,16,23,25,28,29,36,40,46,51,55,58,64,66,71,76,80
2025259,2025-09-26,4,7,9,19,20,30,33,35,44,45,48,49,50,51,52,70,71,72,74,78
2025260,2025-09-27,3,8,10,11,13,16,21,24,27,38,41,48,54,58,59,61,62,66,69,71
2025261,2025-09-28,3,10,15,17,19,22,23,25,31,35,36,42,60,61,62,65,70,73,76,77
2025262,2025-09-29,8,10,14,19,27,31,33,40,42,44,46,47,49,54,58,60,67,70,75,77
2025263,2025-09-30,4,5,11,13,14,20,23,24,27,32,33,42,45,55,58,62,64,70,79,80
2025264,2025-10-05,6,10,15,16,20,24,25,28,34,35,37,38,42,44,45,49,54,66,69,80
2025265,2025-10-06,2,9,11,16,18,27,28,35,36,38,49,52,54,60,62,64,66,72,77,78
2025266,2025-10-07,1,5,9,13,16,17,25,28,29,33,34,38,45,47,48,55,62,71,73,78
2025267,2025-10-08,8,13,20,21,25,34,37,39,45,47,50,57,58,60,65,71,72,75,78,79
2025268,2025-10-09,5,12,16,18,19,26,31,33,38,39,41,42,49,54,59,64,65,70,73,77
2025269,2025-10-10,1,8,10,15,19,20,24,30,33,43,49,50,56,57,60,67,70,73,78,80
2025270,2025-10-11,2,8,10,20,21,27,28,30,33,36,43,48,49,52,60,61,64,71,75,79
2025271,2025-10-12,1,3,7,15,17,20,27,37,41,42,47,48,53,54,60,62,63,68,77,78
2025272,2025-10-13,3,6,9,10,11,13,14,16,20,22,25,43,47,50,60,61,62,68,73,79
2025273,2025-10-14,8,9,11,13,14,18,20,24,28,30,31,32,38,39,40,46,62,64,69,70
2025274,2025-10-15,2,3,10,18,26,31,33,34,46,49,50,51,54,55,60,62,74,75,76,80
2025275,2025-10-16,7,9,13,14,28,32,33,34,35,37,48,50,51,56,57,59,65,69,72,76
2025276,2025-10-17,3,17,21,22,24,30,33,34,41,44,45,47,48,59,61,68,69,76,78,79
2025277,2025-10-18,9,11,13,14,20,22,39,43,48,52,54,55,57,64,68,69,72,73,75,80
2025278,2025-10-19,4,5,7,8,10,15,17,18,22,26,30,33,39,42,48,50,63,68,72,77
2025279,2025-10-20,1,5,6,14,25,32,35,40,45,47,53,62,63,67,68,70,71,72,75,78
2025280,2025-10-21,6,10,14,15,16,25,32,36,46,49,50,59,64,68,70,72,73,77,78,79
2025281,2025-10-22,8,15,23,24,28,34,35,36,38,43,45,49,51,53,64,67,69,71,74,75
2025282,2025-10-23,5,9,12,15,16,20,22,24,26,30,35,38,39,47,49,56,62,66,72,74
2025283,2025-10-24,2,4,13,19,20,23,29,31,37,40,47,52,53,54,55,63,64,65,68,69
2025284,2025-10-25,10,11,14,19,20,26,29,30,35,37,40,41,45,46,59,68,70,77,78,80
2025285,2025-10-26,5,6,7,9,11,19,24,27,28,29,38,39,41,45,46,63,67,68,73,80
2025286,2025-10-27,6,12,14,16,22,24,25,34,38,39,41,42,43,54,57,58,61,62,68,74
2025287,2025-10-28,1,6,17,18,21,22,23,24,31,32,40,43,48,49,52,57,58,60,68,79
2025288,2025-10-29,4,11,15,16,22,32,37,46,47,49,51,53,54,55,60,62,70,72,73,74
2025289,2025-10-30,3,6,7,10,11,13,14,15,31,35,40,41,43,45,55,57,66,72,73,75
2025290,2025-10-31,8,9,10,19,20,25,26,30,32,35,40,41,45,47,49,51,54,65,68,75
2025291,2025-11-01,4,7,11,17,20,22,27,29,32,34,37,48,55,64,68,69,71,73,74,78
2025292,2025-11-02,1,2,3,10,11,15,16,25,38,40,43,47,50,52,57,62,64,71,78,80
2025293,2025-11-03,5,7,17,19,23,34,35,37,38,41,46,53,56,63,65,66,67,69,71,79
2025294,2025-11-04,1,2,8,15,21,22,24,26,27,30,38,41,43,45,46,50,61,62,70,78
2025295,2025-11-05,2,7,12,13,21,22,23,24,26,34,38,43,53,57,67,69,71,72,77,80
2025296,2025-11-06,7,9,11,14,23,26,31,32,36,37,42,43,48,52,53,54,55,58,64,68
2025297,2025-11-07,4,8,9,11,14,19,36,40,42,48,49,52,56,59,66,68,69,73,76,79
2025298,2025-11-08,3,5,8,13,15,19,20,25,26,27,28,30,33,34,37,45,47,67,69,77
2025299,2025-11-09,9,10,11,19,23,25,39,41,45,51,53,54,59,60,63,65,68,69,70,75
2025300,2025-11-10,4,11,20,26,29,35,37,39,47,54,55,59,63,64,65,67,70,71,72,74
2025301,2025-11-11,8,9,11,13,14,18,21,30,33,34,40,44,46,51,58,62,65,67,77,78
2025302,2025-11-12,1,2,8,12,14,15,24,26,27,40,43,53,59,62,65,66,68,74,77,80
2025303,2025-11-13,1,2,10,11,15,25,33,43,44,50,52,54,55,56,57,60,62,69,74,78
2025304,2025-11-14,1,6,17,19,21,30,31,32,33,35,42,49,50,52,59,65,66,68,75,78
2025305,2025-11-15,1,8,9,10,15,18,21,27,32,40,41,43,46,47,50,54,56,60,67,74
2025306,2025-11-16,3,6,7,14,17,20,21,31,32,36,44,47,48,51,52,55,61,70,76,77
2025307,2025-11-17,3,6,12,13,14,16,26,27,41,42,45,49,52,55,63,66,72,75,79,80
2025308,2025-11-18,5,7,8,11,16,17,21,25,29,36,37,39,41,42,46,53,59,62,75,77
2025309,2025-11-19,9,19,20,21,23,30,38,39,40,41,44,48,53,54,58,60,61,65,68,72
2025310,2025-11-20,1,6,7,11,14,15,18,28,30,31,35,48,55,59,61,65,67,69,70,76
2025311,2025-11-21,2,4,15,19,23,24,29,34,37,43,44,55,56,60,62,66,70,73,77,79
2025312,2025-11-22,3,7,16,17,18,19,23,24,26,29,30,37,43,48,57,62,67,72,79,80
2025313,2025-11-23,1,7,22,23,28,29,31,37,43,49,53,55,57,63,64,69,73,76,79,80
2025314,2025-11-24,5,14,15,16,39,40,41,43,44,48,49,53,57,58,60,63,73,76,79,80
2025315,2025-11-25,3,6,8,9,10,14,15,19,23,26,38,40,47,58,61,68,69,74,75,80
2025316,2025-11-26,6,9,16,17,18,20,28,31,33,42,53,54,55,57,60,62,65,67,72,75
2025317,2025-11-27,1,9,10,14,17,21,29,31,36,38,41,44,55,56,58,62,67,68,74,79
2025318,2025-11-28,1,4,15,17,26,27,30,31,36,37,40,41,47,53,54,62,66,74,75,78
2025319,2025-11-29,2,7,8,10,11,21,26,27,28,29,39,46,48,59,61,62,74,77,78,79
2025320,2025-11-30,1,3,8,12,16,17,20,22,25,27,30,32,46,48,52,53,55,62,65,78
2025321,2025-12-01,7,13,14,15,16,18,19,33,35,40,48,52,54,66,69,71,72,74,75,76
2025322,2025-12-02,1,5,6,10,11,17,22,25,28,34,36,39,41,47,57,62,65,71,73,76
2025323,2025-12-03,1,13,18,19,22,24,35,40,44,45,50,51,53,54,57,63,69,71,73,75
2025324,2025-12-04,9,13,20,26,28,32,39,42,43,46,47,49,50,60,61,62,63,64,66,79
2025325,2025-12-05,5,8,10,15,16,17,19,22,26,34,37,41,47,55,57,62,63,65,67,75
2025326,2025-12-06,7,17,22,24,27,28,37,41,42,49,51,53,57,58,69,73,76,77,79,80
2025327,2025-12-07,6,7,10,15,16,17,19,21,22,25,27,35,36,40,44,45,47,56,62,74
2025328,2025-12-08,1,4,6,10,13,27,28,31,38,48,53,58,60,61,68,71,73,74,77,79
2025329,2025-12-09,2,4,10,11,15,17,18,23,26,27,30,33,41,48,52,54,55,59,60,69
2025330,2025-12-10,11,16,17,27,30,31,33,34,37,38,39,44,50,55,58,61,63,70,71,74
2025331,2025-12-11,5,6,7,8,14,18,22,23,25,31,40,52,59,63,71,72,73,76,77,79
2025332,2025-12-12,2,5,6,8,10,16,26,27,35,40,48,49,54,56,57,58,61,72,73,79
2025333,2025-12-13,4,9,11,16,19,20,22,24,28,32,33,37,38,41,46,49,66,71,72,74
2025334,2025-12-14,2,3,8,16,18,24,30,32,33,35,36,42,49,54,63,64,72,74,77,78
2025335,2025-12-15,2,5,13,14,16,17,27,34,39,45,48,50,55,57,58,60,74,76,78,79
2025336,2025-12-16,1,6,8,10,11,13,20,26,27,29,41,43,54,55,59,61,62,71,76,80
2025337,2025-12-17,3,6,8,10,16,20,28,32,33,43,46,48,49,53,60,68,69,76,77,78
2025338,2025-12-18,2,3,9,11,14,25,28,29,34,36,38,39,49,50,58,68,69,71,77,78
2025339,2025-12-19,3,6,7,9,14,19,25,26,31,32,35,36,37,38,60,62,66,67,68,75
2025340,2025-12-20,1,9,14,15,16,20,21,24,29,31,40,45,46,47,49,63,65,68,71,74
2025341,2025-12-21,4,8,9,11,15,19,21,23,24,25,26,37,38,43,45,46,52,63,64,74
2025342,2025-12-22,5,6,10,22,25,33,41,42,53,55,58,59,60,63,66,70,71,73,77,80
2025343,2025-12-23,4,11,23,26,29,30,33,35,44,46,49,50,55,56,58,60,62,65,69,80
2025344,2025-12-24,1,4,6,11,12,20,23,26,30,33,37,40,44,50,52,53,67,68,72,73
2025345,2025-12-25,6,10,11,12,14,19,30,32,35,38,39,41,43,45,46,48,61,67,76,79
2025346,2025-12-26,3,6,8,13,14,23,25,26,28,30,33,38,40,41,42,48,51,56,68,69
2025347,2025-12-27,3,10,11,14,17,20,22,28,34,40,45,46,48,51,55,56,67,71,72,73
2025348,2025-12-28,2,19,20,22,24,25,30,33,35,39,41,49,53,54,55,60,63,66,75,80
2025349,2025-12-29,7,8,18,20,22,23,28,40,41,43,45,47,48,51,53,58,64,67,78,80
2025350,2025-12-30,1,5,6,20,24,30,32,33,35,36,37,38,40,52,55,62,64,70,72,76
2025351,2025-12-31,5,12,14,17,19,21,24,25,31,32,39,42,46,49,50,52,57,63,68,72
2026001,2026-01-01,2,5,6,11,24,25,27,32,34,35,39,41,44,51,54,62,70,71,72,75
2026002,2026-01-02,3,8,10,17,22,24,25,28,39,51,61,62,67,69,70,71,72,73,74,80
2026003,2026-01-03,2,7,14,16,22,25,28,31,39,42,47,53,54,55,61,68,69,72,73,78
2026004,2026-01-04,4,5,9,13,16,21,23,24,32,35,37,38,45,50,52,54,55,62,63,64
2026005,2026-01-05,7,8,9,14,18,21,24,26,33,35,41,43,49,54,56,59,60,63,68,76
2026006,2026-01-06,3,5,7,9,19,28,30,32,34,38,49,52,56,61,62,66,73,76,78,79
2026007,2026-01-07,3,13,15,18,20,21,25,32,42,43,45,54,57,62,63,68,72,74,76,80
2026008,2026-01-08,2,4,15,20,21,23,24,34,47,50,51,52,57,58,60,61,66,71,77,79
2026009,2026-01-09,3,4,8,17,18,31,34,37,42,46,47,55,56,61,65,70,74,75,76,80
2026010,2026-01-10,6,7,13,16,19,27,33,37,39,42,43,44,55,59,62,64,65,67,76,80
2026011,2026-01-11,1,3,12,16,22,25,27,30,32,49,52,56,59,61,62,63,66,68,69,79
2026012,2026-01-12,4,11,12,15,16,20,21,26,27,28,30,32,33,41,53,60,62,64,65,76
2026013,2026-01-13,1,5,9,10,11,12,14,15,16,22,28,32,37,41,44,64,72,77,78,80
2026014,2026-01-14,6,12,13,14,18,24,28,29,30,34,38,43,49,52,59,60,64,74,78,80
2026015,2026-01-15,2,8,9,11,14,17,18,19,27,29,31,34,36,41,55,60,64,70,72,79
2026016,2026-01-16,4,19,24,27,28,35,36,38,39,45,50,56,58,59,60,61,64,66,73,78
2026017,2026-01-17,11,15,28,33,36,37,38,46,47,50,51,52,61,62,63,67,68,71,73,80
2026018,2026-01-18,11,12,14,15,18,21,22,23,29,32,33,35,40,41,55,65,69,74,75,78
2026019,2026-01-19,16,20,21,23,24,37,48,51,52,53,54,59,60,62,66,68,75,76,77,78
2026020,2026-01-20,7,13,18,22,24,30,32,33,37,43,47,48,52,62,63,67,69,73,78,79
2026021,2026-01-21,4,5,6,9,10,11,14,19,21,31,34,43,45,48,51,53,56,60,65,70
2026022,2026-01-22,2,9,10,11,15,16,17,18,28,33,35,43,54,55,60,61,63,65,68,73
2026023,2026-01-23,9,13,17,27,28,31,36,39,42,45,50,55,57,61,67,68,73,74,75,79
2026024,2026-01-24,3,8,16,19,22,25,28,35,36,37,49,50,52,54,57,58,64,67,71,73
2026025,2026-01-25,2,3,4,6,8,13,17,20,21,25,26,29,34,40,47,49,51,58,59,69
2026026,2026-01-26,2,6,14,17,21,22,26,34,35,36,48,51,52,58,60,62,71,73,75,76
2026027,2026-01-27,1,4,7,14,18,26,28,37,38,49,51,58,61,62,64,67,71,75,76,79
2026028,2026-01-28,9,11,14,16,17,20,28,30,32,33,46,51,54,57,58,62,66,68,71,74
2026029,2026-01-29,1,4,11,15,19,27,29,31,33,39,43,45,52,58,65,67,69,73,75,77
2026030,2026-01-30,2,8,12,13,14,16,23,31,37,39,44,46,50,54,55,59,61,69,70,73
2026031,2026-01-31,8,10,15,22,25,26,35,42,43,45,47,52,56,57,62,63,72,76,78,80
2026032,2026-02-01,2,4,9,22,24,26,27,28,31,34,36,39,43,44,53,55,59,62,65,70
2026033,2026-02-02,2,3,8,10,16,19,20,21,29,30,33,34,36,48,53,54,55,58,59,76
2026034,2026-02-03,4,6,19,25,26,29,30,31,32,43,44,48,50,62,65,66,68,71,72,80
2026035,2026-02-04,5,7,18,19,23,24,29,32,34,47,48,53,57,62,64,65,70,72,77,80
2026036,2026-02-05,3,11,19,27,32,33,35,38,43,46,49,50,63,64,66,67,74,75,76,77
2026037,2026-02-06,6,7,8,17,24,25,27,28,29,34,40,41,49,53,57,58,60,67,69,72
2026038,2026-02-07,3,4,5,6,7,9,11,20,21,26,36,44,46,47,54,68,73,74,75,80
2026039,2026-02-08,3,5,13,17,22,27,36,38,40,43,49,50,51,61,62,64,68,73,78,80
2026040,2026-02-09,12,13,16,24,31,32,35,37,41,43,48,50,51,55,64,66,68,73,76,79
2026041,2026-02-10,8,12,17,18,23,24,25,26,27,28,30,31,38,41,46,56,66,68,69,79
2026042,2026-02-11,2,8,14,15,16,17,25,34,37,41,47,52,56,60,62,63,72,74,77,79
2026043,2026-02-12,1,6,12,15,16,19,22,23,25,28,32,34,35,36,41,48,56,64,65,77
2026044,2026-02-13,1,3,8,9,13,16,19,23,33,43,47,49,52,53,55,60,68,74,76,79
2026045,2026-02-24,2,3,5,9,11,12,13,18,19,25,35,38,45,57,61,65,68,70,72,76
2026046,2026-02-25,1,10,13,14,15,23,25,26,28,48,49,50,52,54,59,61,64,69,70,79
2026047,2026-02-26,5,14,16,21,22,28,31,34,37,40,50,51,55,62,63,64,74,75,77,80
2026048,2026-02-27,3,4,10,12,16,17,21,25,33,35,41,43,49,50,60,65,69,75,76,80
2026049,2026-02-28,1,6,7,8,11,17,28,35,36,39,41,42,44,48,53,60,61,69,72,75
2026050,2026-03-01,12,14,25,34,39,41,43,45,46,49,51,57,58,60,62,64,65,66,72,74
2026051,2026-03-02,6,7,9,20,21,28,31,32,33,34,36,39,41,47,56,62,67,70,71,77
2026052,2026-03-03,2,6,11,13,19,23,27,29,32,34,40,45,49,51,56,59,66,69,74,80
2026053,2026-03-04,2,3,7,14,20,22,23,25,26,27,28,30,35,36,38,41,44,63,67,68
2026054,2026-03-05,2,8,11,14,15,18,21,23,39,40,42,43,44,51,55,60,65,71,79,80
2026055,2026-03-06,3,4,8,10,12,16,19,22,24,26,31,49,54,55,58,63,64,67,75,79
2026056,2026-03-07,1,8,14,16,25,39,40,48,50,51,56,58,65,67,69,71,73,74,75,79
2026057,2026-03-08,4,8,12,13,17,21,26,27,30,31,35,38,43,50,52,57,60,72,79,80
2026058,2026-03-09,3,5,8,17,19,20,21,27,29,42,47,49,51,53,62,66,69,71,74,80
2026059,2026-03-10,3,10,18,22,24,26,28,30,37,41,46,47,48,51,57,63,69,70,75,76
2026060,2026-03-11,2,3,4,14,15,19,25,28,32,38,39,40,42,45,48,60,61,63,65,67
2026061,2026-03-12,4,5,6,7,13,18,20,21,28,32,34,39,40,42,44,47,50,56,75,76
2026062,2026-03-13,3,4,5,7,14,16,22,27,38,43,46,48,56,58,68,71,73,77,79,80
2026063,2026-03-14,2,4,8,9,14,30,33,35,37,38,40,47,52,59,62,65,73,75,76,79
2026064,2026-03-15,13,16,21,25,31,32,38,45,49,57,58,59,61,63,67,69,72,75,77,78
2026065,2026-03-16,1,2,4,7,9,11,14,16,24,32,34,37,48,49,50,52,53,59,63,70
2026066,2026-03-17,2,3,4,6,8,17,20,27,30,37,41,43,54,56,57,58,60,63,65,69
2026067,2026-03-18,10,11,12,13,14,16,19,23,24,26,39,42,43,50,53,61,62,66,75,80
2026068,2026-03-19,1,4,10,18,19,20,22,31,35,36,44,49,50,52,61,67,68,74,75,78
2026069,2026-03-20,1,5,6,9,15,19,21,25,31,40,47,50,54,56,59,62,65,67,72,80
2026070,2026-03-21,1,3,4,7,11,19,25,27,37,38,42,45,46,48,54,56,69,72,76,77
2026071,2026-03-22,2,3,8,12,13,14,15,21,25,29,42,44,45,46,47,48,52,58,63,66
2026072,2026-03-23,1,5,19,22,28,30,34,37,38,40,41,44,48,50,51,54,59,74,75,80
2026073,2026-03-24,2,3,6,8,9,20,26,27,29,35,52,57,64,67,73,74,75,76,79,80
2026074,2026-03-25,2,5,7,8,11,13,15,16,20,31,32,33,41,43,52,62,70,71,72,73
2026075,2026-03-26,1,4,17,18,21,22,23,24,25,30,41,47,48,50,54,55,56,57,62,78
2026076,2026-03-27,6,10,12,14,16,21,24,38,39,40,46,48,52,58,61,69,71,74,75,77
2026077,2026-03-28,3,6,19,21,24,32,36,37,44,45,51,55,58,61,62,66,71,73,74,75
2026078,2026-03-29,1,6,7,11,15,21,24,27,31,32,34,38,46,49,52,60,67,71,73,74
2026079,2026-03-30,4,10,12,23,38,39,41,44,45,50,51,55,57,60,64,66,68,73,75,76
2026080,2026-03-31,7,11,14,24,25,27,32,33,34,46,49,52,54,56,59,60,61,66,69,72
2026081,2026-04-01,1,2,8,9,11,12,20,32,34,39,42,43,53,54,55,58,59,63,66,77
2026082,2026-04-02,2,5,11,16,23,25,26,29,33,39,57,62,64,68,69,74,76,77,79,80
2026083,2026-04-03,1,2,7,13,14,18,23,27,28,38,41,48,51,54,63,65,68,71,75,78
2026084,2026-04-04,5,8,17,33,34,35,38,42,43,46,49,50,57,59,60,66,71,72,74,80
2026085,2026-04-05,1,3,4,11,13,14,26,31,33,38,40,50,56,58,61,63,65,66,69,79
2026086,2026-04-06,1,3,5,7,11,15,17,24,28,29,34,39,45,47,53,57,63,66,72,79
2026087,2026-04-07,2,5,7,10,14,23,24,32,37,41,42,44,45,46,48,63,64,71,73,76
2026088,2026-04-08,8,9,13,14,18,22,25,33,39,40,44,46,49,55,64,66,68,71,77,80
2026089,2026-04-09,3,12,29,30,31,33,42,45,50,54,56,57,62,63,66,68,71,74,77,80
2026090,2026-04-10,1,4,8,10,20,22,33,35,36,44,49,51,53,59,62,65,69,71,77,78
2026091,2026-04-11,2,5,9,10,12,17,20,21,25,26,28,39,44,51,53,54,57,60,65,67
2026092,2026-04-12,2,3,8,14,17,20,24,30,33,35,38,44,45,56,59,61,67,71,76,77
2026093,2026-04-13,2,16,21,24,26,36,37,38,40,42,45,48,51,53,57,58,59,62,69,80
2026094,2026-04-14,4,7,11,13,18,19,26,31,35,38,42,43,51,53,54,57,59,67,69,74
2026095,2026-04-15,2,4,5,12,20,22,25,26,29,30,31,44,45,48,56,69,70,71,72,73
2026096,2026-04-16,1,4,8,9,10,13,15,17,20,24,26,33,34,35,36,41,44,51,53,60
2026097,2026-04-17,4,5,8,12,14,16,17,35,37,43,46,54,56,58,62,66,68,69,70,74
2026098,2026-04-18,6,7,15,17,18,19,21,23,26,29,34,36,49,52,65,67,69,72,77,80
2026099,2026-04-19,11,13,14,15,18,23,30,34,36,37,39,53,56,58,63,64,70,72,73,80
2026100,2026-04-20,3,5,7,12,15,17,20,29,36,37,38,39,42,48,50,58,64,67,68,77
2026101,2026-04-21,4,6,11,18,21,23,32,38,39,40,45,46,50,52,55,59,61,63,64,67
2026102,2026-04-22,6,9,15,17,21,27,28,33,37,39,40,41,42,46,47,64,70,77,78,79
2026103,2026-04-23,4,6,11,13,15,20,25,27,30,34,35,45,48,52,54,57,60,64,67,80
2026104,2026-04-24,5,18,20,31,35,41,42,44,46,48,49,52,55,57,63,64,70,72,75,79
2026105,2026-04-25,2,6,12,13,14,18,29,31,33,34,35,36,50,67,68,70,71,72,76,77
2026106,2026-04-26,10,11,12,18,27,28,30,32,38,42,46,53,62,65,67,69,71,73,75,76
2026107,2026-04-27,2,8,16,21,24,28,29,34,37,39,44,51,53,54,55,57,66,69,75,79
2026108,2026-04-28,3,4,16,18,27,29,32,33,41,45,46,47,49,50,53,61,66,74,77,80
2026109,2026-04-29,5,11,15,16,22,32,37,46,47,49,51,53,54,55,60,62,70,72,73,74
2026110,2026-04-30,10,13,14,26,27,29,30,39,43,46,47,51,53,54,55,57,58,68,71,75
